"DESCRIPTION","DURATION IN MS","NAME","PARENT SUITE","START TIME","STATUS","STOP TIME","SUB SUITE","SUITE","TEST CLASS","TEST METHOD"
"","0","Alphy Personal login----Mandatory validation in student registration page","Page","2026-10-06","broken","2026-10-06","TestLogin","test_alphy_login","",""
"","0","Alphy Personal login----Mobile number less than 10 digits shows validation error","Page","2026-10-06","broken","2026-10-06","TestLogin","test_alphy_login","",""
"","0","Web and mobile----Check for inactive login","Page","2026-10-06","broken","2026-10-06","TestLogin","test_alphy_login","",""
"","0","In the user registration check whether inactive hierarchy is visible in the dropdown","Page","2026-10-06","broken","2026-10-06","TestLogin","test_alphy_login","",""
"","0","Remove the app access in the Alphy access control and try to login in the mobile application","Page","2026-10-06","broken","2026-10-06","TestLogin","test_alphy_login","",""
"","0","Superadmin- Company is made inactive","Page","2026-10-06","broken","2026-10-06","TestLogin","test_alphy_login","",""
"","0","Company alloted license has exceeded","Page","2026-10-06","broken","2026-10-06","TestLogin","test_alphy_login","",""
"","0","Alphy Personal login----Duplicate email  validation in user registration page","Page","2026-10-06","broken","2026-10-06","TestLogin","test_alphy_login","",""
"","0","Superadmin- Product is made inactive","Page","2026-10-06","broken","2026-10-06","TestLogin","test_alphy_login","",""
"","0","Alphy Personal login----Blank mobile number shows 'Please enter mobile number' message","Page","2026-10-06","broken","2026-10-06","TestLogin","test_alphy_login","",""
"","0","Check whether the user registration page is displayed if the user is logging in first time otherwise intro pages should be displayed","Page","2026-10-06","broken","2026-10-06","TestLogin","test_alphy_login","",""
"","0","Check mobile login if the company license has expired","Page","2026-10-06","broken","2026-10-06","TestLogin","test_alphy_login","",""
"","0","Alphy Personal login----Login with Invalid OTP","Page","2026-10-06","broken","2026-10-06","TestLogin","test_alphy_login","",""
"","0","Alphy Personal login----Blank OTP shows 'Enter OTP first' toast","Page","2026-10-06","broken","2026-10-06","TestLogin","test_alphy_login","",""
"","0","In the user registration check whether inactive role is visible in the dropdown","Page","2026-10-06","broken","2026-10-06","TestLogin","test_alphy_login","",""
"","0","Alphy Personal login----Email validation in student registration page","Page","2026-10-06","broken","2026-10-06","TestLogin","test_alphy_login","",""
"","0","Alphy Personal login----complete the student registration page","Page","2026-10-06","broken","2026-10-06","TestLogin","test_alphy_login","",""
"","0","Superadmin-Access to Login to Alphy App is made inactive","Page","2026-10-06","broken","2026-10-06","TestLogin","test_alphy_login","",""
"","0","Superadmin-In the roles remove the 'Access to Login to Alphy App' activity from the student role","Page","2026-10-06","broken","2026-10-06","TestLogin","test_alphy_login","",""
"","0","Superadmin-  In the roles, make the Student role as inactive","Page","2026-10-06","broken","2026-10-06","TestLogin","test_alphy_login","",""
"","0","Superadmin- User is made inactive","Page","2026-10-06","broken","2026-10-06","TestLogin","test_alphy_login","",""
